"id","boro_ct2000","median_hh_income"
826,"1000100","0"
1800,"1000201","21019"
1586,"1000202","22750"
1680,"1000500","0"
1125,"1000600","19002"
1556,"1000700","81071"
1194,"1000800","25148"
1019,"1000900","105456"
1552,"1001001","41932"
1553,"1001002","14519"
966,"1001200","25865"
1729,"1001300","81609"
1801,"1001401","39239"
916,"1001402","18984"
1853,"1001501","40158"
716,"1001502","74531"
680,"1001600","23619"
1481,"1001800","25747"
1891,"1002000","11963"
1704,"1002100","128384"
1389,"1002201","25700"
1390,"1002202","32425"
1754,"1002400","16396"
1195,"1002500","13611"
1892,"1002601","28060"
1915,"1002602","33100"
1847,"1002700","28438"
1721,"1002800","27976"
1854,"1002900","20344"
677,"1003001","34826"
1896,"1003002","34450"
1378,"1003100","67361"
1899,"1003200","36759"
1929,"1003300","113332"
1821,"1003400","37371"
1718,"1003601","19271"
1897,"1003602","45000"
1765,"1003800","40886"
1930,"1003900","47083"
1982,"1004000","51413"
1466,"1004100","20950"
1984,"1004200","63258"
1719,"1004300","45409"
1705,"1004401","66154"
2133,"1004402","63519"
1844,"1004500","65662"
2094,"1004700","57167"
1983,"1004800","62229"
2095,"1004900","63275"
1849,"1005000","71734"
2032,"1005100","85483"
1949,"1005200","82882"
1986,"1005300","67917"
1950,"1005400","81696"
782,"1005501","77877"
1848,"1005502","83497"
2215,"1005600","85399"
1779,"1005700","97765"
2216,"1005800","68523"
1720,"1005900","72480"
1743,"1006000","76573"
1985,"1006100","86597"
1749,"1006200","52656"
1778,"1006300","77355"
1736,"1006400","63678"
851,"1006500","56625"
1776,"1006600","44914"
1995,"1006700","57567"
1888,"1006800","52442"
1987,"1006900","128295"
930,"1007000","67850"
1996,"1007100","75502"
974,"1007200","75097"
1997,"1007300","58202"
975,"1007400","76804"
2125,"1007500","72418"
1711,"1007600","41276"
1988,"1007700","68133"
2092,"1007800","70174"
1732,"1007900","67112"
2093,"1008000","68868"
1926,"1008100","61525"
1057,"1008200","62136"
1459,"1008300","28700"
1209,"1008400","70694"
901,"1008600","110330"
1947,"1008700","56939"
897,"1008800","61358"
1396,"1008900","55198"
898,"1009000","80953"
1948,"1009100","58381"
822,"1009200","62375"
1397,"1009300","51710"
1499,"1009400","15947"
1712,"1009500","60993"
1500,"1009600","60083"
2080,"1009700","32350"
1,"1009800","67482"
1907,"1009900","60476"
2,"1010000","73906"
1713,"1010100","66786"
12,"1010200","174119"
2081,"1010300","61007"
13,"1010400","67500"
14,"1010601","102149"
1008,"1010602","76416"
1497,"1010800","71262"
1490,"1010900","71641"
1009,"1011000","68417"
1398,"1011100","41940"
1501,"1011201","78354"
1477,"1011202","188697"
1498,"1011203","77329"
15,"1011300","47813"
823,"1011401","108107"
16,"1011402","85908"
935,"1011500","44519"
2101,"1011600","49146"
1908,"1011700","16607"
1789,"1011800","85223"
669,"1011900","12173"
718,"1012000","115430"
774,"1012100","38453"
1574,"1012200","105573"
1077,"1012400","67653"
670,"1012500","76099"
1803,"1012600","75747"
1708,"1012700","46279"
710,"1012800","109336"
1709,"1012900","52743"
17,"1013000","171146"
835,"1013100","52386"
1869,"1013200","65477"
1706,"1013300","50688"
816,"1013400","66578"
1686,"1013500","25229"
1359,"1013600","69163"
1772,"1013700","80934"
1112,"1013800","70730"
1687,"1013900","56507"
18,"1014000","97430"
1243,"1014200","145979"
2000,"1014300","18750"
1813,"1014401","84046"
1904,"1014402","67055"
1773,"1014500","102582"
1619,"1014601","60589"
1620,"1014602","70370"
1357,"1014700","68750"
19,"1014801","90391"
1969,"1014802","89713"
860,"1014900","96588"
745,"1015001","127126"
1580,"1015002","166209"
1358,"1015100","39983"
1910,"1015200","51150"
1957,"1015300","94583"
1780,"1015400","58761"
1958,"1015500","71283"
1617,"1015601","53153"
1618,"1015602","15069"
1956,"1015700","71839"
1970,"1015801","92940"
1383,"1015802","51648"
1583,"1015900","75327"
1581,"1016001","152728"
1569,"1016002","58619"
1722,"1016100","69262"
2138,"1016200","23211"
1695,"1016300","78719"
1379,"1016400","14830"
1595,"1016500","89811"
1592,"1016600","26670"
1959,"1016700","93335"
1827,"1016800","22061"
1582,"1016900","75000"
1591,"1017000","27168"
1968,"1017100","72229"
1593,"1017201","19443"
1384,"1017202","17650"
2001,"1017300","71969"
1585,"1017401","24861"
884,"1017402","26175"
1993,"1017500","87026"
1889,"1017700","46154"
2139,"1017800","23284"
1994,"1017900","59637"
1385,"1018000","13705"
1890,"1018100","53222"
1386,"1018200","16058"
1941,"1018300","53229"
20,"1018400","14103"
1886,"1018500","56810"
1572,"1018600","14008"
1893,"1018700","54977"
1931,"1018800","16716"
1667,"1018900","23836"
3,"1019000","16623"
1894,"1019100","56836"
2106,"1019200","9320"
1412,"1019300","34360"
1932,"1019400","16507"
2020,"1019500","56196"
1014,"1019600","9829"
2120,"1019701","14688"
1692,"1019702","26029"
2176,"1019800","21480"
2021,"1019900","49750"
2168,"1020000","24091"
1953,"1020101","59479"
1934,"1020102","23146"
1920,"1020200","23966"
1954,"1020300","34702"
1520,"1020400","15298"
1707,"1020500","73750"
4,"1020600","25714"
1955,"1020701","32273"
1759,"1020702","27472"
783,"1020800","24729"
1284,"1020901","14310"
2128,"1020902","11622"
1744,"1021000","26047"
1839,"1021100","34940"
1745,"1021200","29563"
1867,"1021301","25226"
888,"1021302","9375"
1464,"1021400","25788"
1933,"1021600","25236"
1868,"1021701","24118"
5,"1021702","19052"
1935,"1021800","22246"
1625,"1021900","17272"
1365,"1022000","21123"
689,"1022101","15556"
1962,"1022102","30185"
1895,"1022200","16744"
1399,"1022301","26771"
1626,"1022302","17400"
970,"1022400","15900"
671,"1022500","28689"
780,"1022600","17766"
882,"1022701","24588"
1960,"1022702","13393"
1717,"1022800","16444"
1584,"1022900","21692"
1963,"1023000","16958"
1884,"1023101","25272"
6,"1023102","16645"
1961,"1023200","18013"
1885,"1023300","23762"
1463,"1023400","20257"
2188,"1023501","24043"
1733,"1023502","16094"
1734,"1023600","23047"
2105,"1023700","22087"
2146,"1023800","49976"
2118,"1023900","17841"
2149,"1024000","0"
2096,"1024100","26491"
1902,"1024301","24219"
1903,"1024302","11482"
1594,"1024500","25631"
1774,"1024700","30106"
7,"1024900","20197"
1971,"1025100","21354"
1972,"1025300","26899"
719,"1025500","35068"
8,"1026100","25712"
9,"1026300","30297"
1763,"1026500","28553"
2119,"1026700","19947"
10,"1026900","22279"
1976,"1027100","32168"
1977,"1027300","46418"
2033,"1027500","55865"
11,"1027700","25087"
1775,"1027900","30387"
1887,"1028100","48433"
1565,"1028300","26238"
1566,"1028500","21023"
2043,"1028700","29613"
1562,"1028900","23272"
1563,"1029100","21826"
672,"1029300","21678"
1978,"1029500","35069"
1979,"1029700","0"
1478,"1030100","0"
1751,"1030300","38149"
1479,"1030700","47994"
1268,"1030900","25754"
2191,"1031100","0"
2029,"1031300","75625"
1942,"1031500","56250"
1798,"1031701","107611"
2126,"1031702","0"
1799,"1031900","81251"
1698,"2000100","0"
1873,"2000200","42539"
1875,"2000400","39013"
30,"2000500","0"
990,"2001100","25588"
1111,"2001500","26250"
1492,"2001600","24552"
1937,"2001700","21283"
1598,"2002000","14691"
1055,"2002300","14112"
1856,"2002400","0"
1980,"2002500","12221"
1990,"2002701","12898"
1991,"2002702","12654"
1857,"2002800","34234"
814,"2003100","27330"
21,"2003300","11322"
22,"2003500","18736"
1493,"2003600","29375"
2007,"2003700","23750"
23,"2003800","47647"
1981,"2003900","15893"
24,"2004001","29545"
667,"2004002","0"
1943,"2004100","12970"
2008,"2004300","19434"
1239,"2004400","13185"
862,"2004600","17976"
1944,"2004700","11817"
25,"2004800","19023"
1454,"2004900","25662"
859,"2005000","20385"
815,"2005200","13826"
2034,"2005301","0"
1696,"2005302","15527"
1000,"2005400","21282"
2005,"2005600","12604"
1951,"2005700","32279"
1820,"2005800","6250"
2136,"2005901","23138"
2110,"2005902","33256"
1845,"2006000","30242"
943,"2006100","30469"
2006,"2006200","16314"
1504,"2006400","35279"
1945,"2006500","17457"
729,"2006600","26994"
960,"2006700","17353"
26,"2006800","25966"
1131,"2006900","10576"
28,"2007000","32146"
1807,"2007100","36316"
1526,"2007200","31126"
786,"2007300","21545"
1040,"2007400","40654"
785,"2007500","20813"
784,"2007700","21958"
1254,"2007800","34353"
787,"2007900","14767"
2142,"2008100","0"
1938,"2008300","25886"
946,"2008400","39911"
1939,"2008500","18403"
1046,"2008600","14409"
956,"2008700","19615"
958,"2008800","16136"
29,"2008900","13007"
1634,"2009100","8750"
1255,"2009200","36589"
969,"2009400","40833"
2154,"2009700","2499"
746,"2009800","38642"
1864,"2009900","18931"
959,"2010200","20417"
1852,"2010500","9821"
1530,"2011000","9461"
1865,"2011501","18243"
1863,"2011502","14167"
1529,"2011800","57664"
1822,"2011900","16990"
41,"2012101","21424"
1810,"2012102","17688"
1793,"2012300","17906"
42,"2012500","27566"
43,"2012701","12342"
44,"2012702","19803"
1217,"2012901","13214"
1218,"2012902","7044"
1453,"2013000","48500"
45,"2013100","13281"
1063,"2013200","54509"
2027,"2013300","16426"
2028,"2013500","14667"
1936,"2013700","22437"
1622,"2013800","48813"
1656,"2013900","21685"
911,"2014100","14123"
912,"2014300","8606"
1059,"2014400","22656"
1456,"2014500","14264"
1796,"2014700","10775"
1480,"2014900","14353"
1966,"2015100","18448"
1967,"2015300","20918"
46,"2015400","52339"
1102,"2015500","17616"
676,"2015600","56343"
47,"2015700","20685"
675,"2015800","33438"
878,"2016000","45828"
1103,"2016100","16308"
48,"2016200","50833"
49,"2016300","0"
914,"2016400","50733"
1964,"2016500","11442"
50,"2016600","41776"
690,"2016700","14432"
1050,"2016900","16591"
1826,"2017100","0"
1973,"2017300","18375"
51,"2017500","14172"
1992,"2017700","14931"
2013,"2017900","17685"
1975,"2018100","22514"
1974,"2018300","24802"
913,"2018400","44167"
1716,"2018700","0"
1603,"2018900","25163"
1604,"2019300","13609"
1911,"2019400","51705"
1470,"2019500","20402"
1015,"2019600","34297"
2015,"2019700","22904"
2022,"2019800","28783"
1452,"2019900","22231"
2035,"2020100","21398"
52,"2020200","35000"
53,"2020400","34024"
1328,"2020500","21754"
54,"2020601","29831"
55,"2020602","34276"
754,"2020800","32572"
845,"2021000","32813"
56,"2021100","19109"
846,"2021200","34444"
1457,"2021301","15603"
725,"2021302","24899"
1527,"2021400","68542"
1115,"2021501","18207"
1458,"2021502","16768"
31,"2021601","33955"
1535,"2021602","34866"
1460,"2021701","15066"
726,"2021702","20833"
1506,"2021800","26264"
1109,"2021900","18750"
1846,"2022000","11190"
1049,"2022100","20603"
1531,"2022300","19677"
2116,"2022401","30278"
692,"2022402","30982"
1532,"2022500","20393"
2011,"2022701","19219"
743,"2022702","20625"
742,"2022703","29063"
722,"2022800","32877"
855,"2022901","25402"
1965,"2022902","21600"
2117,"2023000","26042"
1544,"2023100","15700"
32,"2023200","30598"
2012,"2023301","24094"
33,"2023302","31466"
733,"2023400","31105"
34,"2023501","27591"
1575,"2023502","19504"
35,"2023600","29669"
1952,"2023701","21369"
1940,"2023702","16111"
1989,"2023900","17548"
1482,"2024000","29770"
1946,"2024100","19692"
753,"2024200","36000"
36,"2024300","21029"
732,"2024400","45000"
1673,"2024500","22261"
37,"2024600","51350"
1697,"2024700","37950"
1299,"2024800","49063"
2211,"2024900","63125"
38,"2025000","38854"
2212,"2025100","23841"
39,"2025200","46563"
1495,"2025300","20956"
40,"2025400","45476"
2206,"2025500","21135"
1106,"2025600","34712"
1691,"2025700","29570"
1921,"2025800","16250"
1314,"2026100","55438"
1315,"2026300","26343"
1912,"2026400","49099"
796,"2026500","21306"
1126,"2026601","31480"
1127,"2026602","35248"
730,"2026700","27379"
1213,"2026900","31832"
1797,"2027101","10825"
886,"2027102","61250"
724,"2027300","27819"
1288,"2027400","49712"
1502,"2027600","0"
723,"2027700","25988"
982,"2027900","40308"
1588,"2028100","39655"
949,"2028300","35362"
1503,"2028400","0"
1788,"2028500","35634"
1327,"2028600","48571"
57,"2028700","38446"
58,"2028800","54776"
1835,"2028900","31194"
2186,"2029300","62727"
1802,"2029500","49352"
1300,"2029600","29426"
2187,"2029700","59940"
763,"2030000","45289"
59,"2030100","48333"
1494,"2030200","41031"
2192,"2030700","69574"
866,"2031000","56406"
89,"2031200","50217"
91,"2031400","64167"
1316,"2031600","41364"
2194,"2031700","9625"
1333,"2031800","59179"
1652,"2031900","0"
1270,"2032000","57292"
1317,"2032200","45458"
1746,"2032300","58071"
1318,"2032400","18942"
655,"2032800","28347"
1804,"2032900","65080"
92,"2033000","30619"
1663,"2033200","32997"
1343,"2033300","168061"
2121,"2033400","31250"
1361,"2033600","25065"
1346,"2033800","25060"
1152,"2033900","50417"
656,"2034000","29459"
1211,"2034100","61076"
683,"2034200","40800"
1212,"2034300","60417"
684,"2034400","40368"
1151,"2034500","51250"
1332,"2034600","32821"
1334,"2035000","52656"
1344,"2035100","49957"
93,"2035200","33274"
94,"2035400","66250"
2030,"2035600","48859"
983,"2035800","43954"
1277,"2035900","31767"
1278,"2036100","12723"
740,"2036300","14632"
1337,"2036400","62644"
1919,"2036501","18125"
60,"2036502","18402"
1411,"2036600","46193"
1198,"2036700","17214"
61,"2036800","36406"
62,"2036901","11172"
64,"2036902","15602"
65,"2037000","44375"
2036,"2037100","16570"
66,"2037200","34180"
2018,"2037300","22536"
1281,"2037400","22137"
1065,"2037501","18854"
793,"2037502","12304"
67,"2037503","13667"
1373,"2037600","30132"
794,"2037700","13945"
1747,"2037800","30893"
1545,"2037900","22824"
1345,"2038000","30734"
1576,"2038100","19349"
788,"2038200","42102"
2009,"2038300","16433"
1505,"2038500","14679"
849,"2038600","35696"
2016,"2038700","17130"
847,"2038800","39420"
2017,"2038900","21936"
848,"2039000","37222"
2019,"2039100","19031"
68,"2039200","32440"
2037,"2039300","13163"
69,"2039400","30814"
70,"2039600","24045"
1999,"2039700","13250"
71,"2039800","40821"
1088,"2039901","19375"
2010,"2039902","16771"
72,"2040100","26779"
73,"2040301","26947"
74,"2040302","18750"
75,"2040400","37750"
76,"2040500","24709"
77,"2040600","29773"
78,"2040701","22014"
1331,"2040702","28198"
691,"2040800","29826"
1465,"2040900","41147"
1655,"2041000","0"
1537,"2041100","35320"
2002,"2041300","32037"
1437,"2041400","33585"
2004,"2041500","30763"
79,"2041800","42481"
2003,"2041900","26530"
702,"2042000","26175"
1468,"2042100","30272"
80,"2042200","35078"
81,"2042300","35491"
82,"2042400","46843"
1998,"2042500","27914"
903,"2042600","50972"
83,"2042800","61600"
885,"2042901","27162"
887,"2042902","28381"
84,"2043000","48580"
1402,"2043100","27774"
85,"2043200","31327"
1750,"2043500","80488"
86,"2043600","55588"
87,"2043800","42413"
88,"2044000","30750"
1438,"2044200","36475"
1439,"2044600","51615"
682,"2044800","63625"
1489,"2044901","52500"
1491,"2044902","45379"
741,"2045101","43106"
1488,"2045102","39931"
651,"2045400","57019"
1335,"2045800","12960"
1336,"2046000","30802"
1809,"2046201","40843"
2031,"2046202","39345"
1808,"2048400","57853"
1091,"2050200","63333"
1851,"2050400","0"
615,"2051600","56750"
2107,"3000100","63333"
1219,"3000200","29219"
978,"3000301","83739"
2108,"3000302","112414"
2052,"3000500","65013"
927,"3000700","66213"
614,"3000900","79201"
1643,"3001100","29732"
2071,"3001300","58828"
1862,"3001800","85000"
2202,"3002000","26813"
2109,"3002100","74464"
2185,"3002200","28164"
1100,"3002300","9876"
1536,"3002500","16680"
1644,"3002700","34375"
1858,"3002901","11641"
638,"3002902","27159"
122,"3003000","54375"
1511,"3003100","40641"
1927,"3003200","0"
1360,"3003300","45213"
1860,"3003400","51362"
1022,"3003500","44306"
755,"3003600","42476"
905,"3003700","36667"
1764,"3003800","65234"
906,"3003900","38686"
1881,"3004000","92945"
123,"3004100","61486"
124,"3004200","67000"
962,"3004300","56429"
963,"3004500","68182"
1880,"3004600","68594"
1878,"3004700","49427"
657,"3004900","62344"
1855,"3005000","61217"
2073,"3005100","51767"
1648,"3005201","21804"
1879,"3005202","54500"
2140,"3005400","45267"
2132,"3005500","46500"
1234,"3005601","43922"
1728,"3005602","45089"
1924,"3005700","32563"
125,"3005800","41522"
2079,"3005900","21674"
126,"3006000","45396"
1174,"3006200","34576"
1615,"3006300","60274"
1172,"3006400","45213"
1616,"3006500","62049"
650,"3006600","37500"
127,"3006700","70536"
756,"3006800","35292"
128,"3006900","55417"
2193,"3007000","39831"
867,"3007100","22011"
2189,"3007200","35417"
129,"3007400","35893"
1842,"3007500","69107"
2124,"3007600","31573"
1877,"3007700","44444"
130,"3007800","27750"
95,"3008000","26902"
660,"3008200","28648"
1782,"3008400","30054"
1058,"3008500","10372"
661,"3008600","0"
1783,"3008800","26582"
1186,"3009000","29338"
1187,"3009200","26597"
658,"3009400","28822"
659,"3009600","29654"
96,"3009800","28594"
1184,"3010000","29976"
97,"3010100","30788"
98,"3010200","29485"
99,"3010400","24574"
1185,"3010600","26895"
100,"3010800","28844"
101,"3011000","30786"
865,"3011200","19697"
102,"3011400","35107"
1181,"3011600","26330"
1609,"3011700","30833"
1289,"3011800","24655"
2201,"3012000","31797"
1600,"3012100","36343"
2197,"3012200","31688"
1870,"3012300","34375"
2198,"3012400","34444"
1843,"3012500","26625"
868,"3012700","19000"
103,"3012801","40341"
2157,"3012802","35625"
1038,"3012901","48024"
1039,"3012902","55625"
104,"3013000","36496"
817,"3013100","51131"
105,"3013200","34375"
106,"3013300","57885"
2190,"3013400","43920"
771,"3013500","51420"
2200,"3013600","42500"
107,"3013700","57042"
1173,"3013800","40117"
108,"3013900","42361"
1220,"3014000","57436"
818,"3014100","41840"
2204,"3014200","42713"
1623,"3014300","31771"
759,"3014400","57500"
820,"3014500","30735"
1175,"3014600","82736"
821,"3014700","34878"
1176,"3014800","47250"
819,"3014900","47569"
929,"3015000","34358"
109,"3015100","66815"
110,"3015300","66809"
1319,"3015400","0"
111,"3015500","63073"
1533,"3015600","56346"
112,"3015700","68787"
928,"3015800","51513"
1814,"3015900","67317"
2205,"3016000","41049"
1021,"3016100","65192"
2141,"3016200","44034"
1755,"3016300","59583"
2199,"3016400","60500"
1542,"3016500","77871"
1753,"3016700","68125"
113,"3016800","49444"
775,"3016900","43925"
114,"3017000","47569"
776,"3017100","63587"
1670,"3017200","34617"
115,"3017300","51944"
116,"3017400","50250"
965,"3017500","0"
117,"3017600","37633"
1811,"3017700","0"
118,"3017800","31652"
1023,"3017900","38750"
1188,"3018000","40565"
899,"3018100","48731"
1214,"3018200","41108"
953,"3018300","41648"
1671,"3018400","45699"
1859,"3018501","13668"
954,"3018502","25000"
119,"3018600","37667"
955,"3018700","33750"
120,"3018800","38512"
1107,"3018900","40357"
121,"3019000","30786"
1108,"3019100","38099"
131,"3019200","33839"
1149,"3019300","36034"
132,"3019400","32500"
133,"3019500","42587"
134,"3019600","36092"
135,"3019700","48885"
136,"3019800","43527"
1237,"3019900","38717"
673,"3020000","38936"
1238,"3020100","45189"
674,"3020200","47422"
1236,"3020300","38942"
137,"3020400","52321"
1027,"3020500","45256"
825,"3020600","52679"
1815,"3020700","50137"
138,"3020800","46544"
63,"3021000","33333"
139,"3021200","29179"
1113,"3021300","28696"
140,"3021400","32069"
1519,"3021500","39489"
1182,"3021600","25616"
514,"3021700","30712"
1183,"3021800","30259"
141,"3021900","26469"
142,"3022000","24846"
143,"3022100","21415"
167,"3022200","25919"
168,"3022300","29321"
1163,"3022400","34188"
169,"3022500","23846"
1167,"3022600","22316"
170,"3022700","31853"
1168,"3022800","23407"
1833,"3022900","31202"
1164,"3023000","22984"
1834,"3023100","35260"
1179,"3023200","21981"
1150,"3023300","23099"
1180,"3023400","17731"
171,"3023500","21875"
172,"3023600","16941"
173,"3023700","16797"
174,"3023800","23393"
1824,"3023900","20156"
175,"3024000","27930"
1128,"3024100","10500"
176,"3024200","29632"
889,"3024300","23358"
1033,"3024400","28824"
177,"3024500","24352"
178,"3024600","41738"
179,"3024700","17964"
180,"3024800","35086"
181,"3024900","28449"
182,"3025000","43717"
894,"3025100","21724"
183,"3025200","29470"
810,"3025300","27955"
184,"3025400","34803"
1825,"3025500","11822"
185,"3025600","40871"
727,"3025700","32275"
186,"3025800","31541"
686,"3025901","18150"
687,"3025902","13218"
187,"3026000","31651"
769,"3026100","15702"
188,"3026200","38000"
189,"3026300","25417"
190,"3026400","30525"
895,"3026500","24977"
191,"3026600","36458"
192,"3026700","32971"
193,"3026800","32672"
194,"3026900","26905"
195,"3027000","28380"
196,"3027101","26686"
1374,"3027102","29375"
197,"3027200","32356"
198,"3027300","29883"
199,"3027400","40691"
1036,"3027500","30241"
144,"3027600","30496"
1037,"3027700","23561"
145,"3027800","24730"
146,"3027900","19551"
147,"3028000","42500"
915,"3028100","12194"
148,"3028200","38382"
850,"3028300","12830"
149,"3028400","30727"
150,"3028501","38438"
875,"3028502","11859"
151,"3028600","22981"
1122,"3028700","15714"
152,"3028800","32171"
1123,"3028900","20461"
1596,"3029000","28634"
153,"3029100","26155"
90,"3029200","25655"
154,"3029300","22500"
931,"3029400","40227"
1204,"3029500","31765"
1597,"3029600","34824"
155,"3029700","33333"
156,"3029800","32385"
1405,"3029900","27733"
157,"3030000","37750"
809,"3030100","30636"
1320,"3030200","39881"
1139,"3030300","15020"
1321,"3030400","35724"
1132,"3030600","35515"
1083,"3030700","10516"
1045,"3030800","32670"
158,"3030900","13578"
1245,"3031100","25086"
1246,"3031300","22514"
1133,"3031400","32083"
1148,"3031500","26019"
159,"3031701","27007"
994,"3031702","30093"
1684,"3031900","33738"
936,"3032000","55781"
1028,"3032100","28659"
160,"3032300","29747"
1114,"3032500","28111"
2044,"3032600","12041"
1676,"3032700","33038"
1136,"3032800","24750"
161,"3032900","27454"
1135,"3033000","20276"
162,"3033100","26954"
1685,"3033300","35625"
1403,"3033500","36528"
1137,"3033600","33359"
163,"3033700","30763"
164,"3033900","37519"
2127,"3034000","16028"
165,"3034100","30909"
166,"3034200","10069"
863,"3034300","16981"
864,"3034500","32917"
1084,"3034700","16078"
1525,"3034801","27448"
1558,"3034802","16250"
663,"3034900","27981"
1416,"3035000","25938"
625,"3035100","26124"
2130,"3035200","7863"
1404,"3035300","27188"
1770,"3035400","28678"
1409,"3035500","26992"
967,"3035600","30493"
909,"3035700","19712"
910,"3035900","19333"
1724,"3036001","19539"
700,"3036002","12351"
1244,"3036100","17212"
1564,"3036200","18854"
240,"3036300","12212"
968,"3036400","19693"
1140,"3036501","20948"
241,"3036502","26771"
1196,"3036600","30817"
772,"3036700","20714"
811,"3036900","21170"
1197,"3037000","39104"
1329,"3037100","23799"
853,"3037300","20912"
1007,"3037400","37924"
854,"3037500","20510"
852,"3037700","34601"
1401,"3037900","31650"
1406,"3038100","16560"
1322,"3038200","15601"
1191,"3038300","35966"
808,"3038500","23750"
1098,"3038600","26129"
1030,"3038700","22338"
242,"3038800","37571"
1350,"3038900","25208"
654,"3039000","38102"
1351,"3039100","13947"
1207,"3039200","31898"
1816,"3039300","23456"
869,"3039400","27452"
1817,"3039500","20417"
243,"3039600","33313"
244,"3039700","21729"
1099,"3039800","31078"
245,"3039900","16594"
1177,"3040000","30559"
246,"3040100","21029"
1323,"3040200","39960"
711,"3040300","26341"
247,"3040400","39028"
1426,"3040500","33125"
248,"3040600","31828"
1448,"3040700","0"
249,"3040800","33850"
1449,"3040900","24048"
1178,"3041000","40577"
1446,"3041100","17750"
1032,"3041200","35170"
250,"3041300","22654"
251,"3041401","37143"
870,"3041402","36850"
252,"3041500","25983"
871,"3041600","41542"
253,"3041700","16394"
254,"3041800","27778"
255,"3041900","22788"
256,"3042000","44904"
257,"3042100","19767"
797,"3042200","35136"
1071,"3042300","20889"
1031,"3042400","34583"
1349,"3042500","17109"
258,"3042600","30477"
259,"3042700","19297"
260,"3042800","31667"
261,"3042900","16431"
262,"3043000","27260"
263,"3043100","20960"
264,"3043200","28631"
265,"3043300","15900"
266,"3043400","29107"
267,"3043500","22056"
268,"3043600","28036"
1450,"3043700","24488"
798,"3043800","33382"
269,"3043900","28092"
271,"3044000","30675"
272,"3044100","22904"
273,"3044200","26912"
274,"3044300","27965"
275,"3044400","30693"
648,"3044500","30417"
276,"3044600","38698"
649,"3044700","23250"
827,"3044800","41917"
828,"3045000","48214"
277,"3045200","45644"
1041,"3045300","25000"
278,"3045400","45735"
2075,"3045500","17222"
279,"3045600","34076"
1256,"3045800","64032"
280,"3046001","31750"
281,"3046002","55250"
681,"3046201","25689"
1469,"3046202","45313"
2061,"3046400","35741"
837,"3046500","12581"
1034,"3046800","38950"
200,"3047000","42663"
201,"3047200","26953"
838,"3047300","37019"
2062,"3047400","32606"
202,"3047600","27917"
2113,"3047700","37863"
1018,"3047800","37071"
997,"3048000","23475"
2114,"3048100","21625"
998,"3048200","22265"
764,"3048300","43750"
750,"3048400","29861"
1165,"3048600","30329"
1042,"3048700","35481"
1166,"3048800","37115"
1053,"3048900","12786"
1202,"3049000","27267"
1381,"3049100","24459"
1203,"3049200","30926"
1054,"3049300","18479"
789,"3049400","30986"
203,"3049500","28750"
1169,"3049600","38088"
1674,"3049700","35990"
1170,"3049800","35560"
204,"3049900","32014"
1171,"3050000","39556"
951,"3050100","35000"
799,"3050201","64276"
981,"3050202","49184"
205,"3050300","36042"
1812,"3050400","41803"
206,"3050500","22000"
1487,"3050600","26369"
1274,"3050700","18571"
803,"3050800","25435"
1295,"3050900","17083"
1200,"3051000","24271"
773,"3051100","26568"
1514,"3051200","31393"
1554,"3051300","30000"
207,"3051400","32103"
952,"3051500","36107"
208,"3051600","25148"
209,"3051700","48542"
210,"3051800","40833"
1555,"3051900","34704"
211,"3052000","34677"
1515,"3052200","75889"
995,"3052300","22652"
1020,"3052400","50972"
996,"3052500","12069"
212,"3052600","34881"
712,"3052700","22680"
213,"3052800","48750"
713,"3052900","17216"
214,"3053000","30571"
1599,"3053100","22796"
215,"3053200","41750"
216,"3053300","12209"
217,"3053400","23955"
1134,"3053500","16434"
218,"3053600","31429"
795,"3053700","16750"
219,"3053800","28407"
1650,"3053900","16917"
220,"3054000","36607"
221,"3054200","32083"
1771,"3054300","0"
222,"3054400","42733"
1651,"3054500","13454"
1159,"3054600","35469"
1913,"3054700","15379"
1160,"3054800","50227"
2074,"3054900","29722"
223,"3055000","29148"
224,"3055100","27083"
225,"3055200","33870"
1538,"3055300","34679"
664,"3055400","28291"
1043,"3055500","50132"
584,"3055600","37828"
1539,"3055700","40086"
226,"3055800","24750"
701,"3055900","64286"
227,"3056000","40913"
228,"3056200","51300"
229,"3056300","31238"
230,"3056400","46359"
231,"3056500","32418"
232,"3056600","42036"
233,"3056700","37835"
234,"3056800","48125"
235,"3056900","40143"
236,"3057000","38750"
644,"3057100","35282"
237,"3057200","15361"
238,"3057300","35588"
239,"3057400","58519"
984,"3057500","30056"
282,"3057600","45354"
2134,"3057700","60096"
283,"3057800","37262"
985,"3057900","23445"
284,"3058000","29471"
678,"3058200","24738"
1208,"3058400","37992"
285,"3058600","44177"
1002,"3058800","38866"
1257,"3058900","41552"
1003,"3059000","46188"
286,"3059100","33047"
287,"3059200","39375"
2076,"3059300","35208"
288,"3059401","35065"
289,"3059402","47923"
290,"3059600","35000"
1016,"3059800","43017"
291,"3060000","42582"
1004,"3060600","29405"
1253,"3060800","42792"
2050,"3061001","19490"
1252,"3061002","27361"
2051,"3061200","69013"
336,"3061400","65667"
792,"3061600","70119"
652,"3061800","79118"
1267,"3062200","41130"
1017,"3062600","41733"
27,"3062800","59294"
337,"3063200","45645"
338,"3063600","76854"
339,"3063800","53603"
340,"3064000","64297"
641,"3064200","38182"
665,"3064400","49653"
341,"3064600","59620"
342,"3064800","61902"
343,"3065000","50500"
344,"3065200","63958"
345,"3065400","67438"
346,"3065600","60098"
347,"3065800","63250"
348,"3066000","65833"
1413,"3066200","48419"
2038,"3066600","0"
349,"3067000","50901"
350,"3067200","39875"
351,"3067400","51146"
352,"3067600","55119"
353,"3067800","50536"
354,"3068000","59167"
355,"3068200","51852"
356,"3068600","43393"
357,"3068800","52391"
358,"3069000","56786"
359,"3069200","51914"
1828,"3069600","48492"
360,"3069800","75735"
1573,"3070000","53229"
2163,"3070201","67986"
2115,"3070202","53750"
1387,"3070203","0"
2164,"3070600","68348"
880,"3072000","34712"
881,"3072200","46389"
1352,"3072400","47861"
1570,"3072600","65163"
292,"3072800","45775"
1567,"3073000","50598"
1571,"3073200","62750"
293,"3073400","55735"
1568,"3073600","45944"
294,"3073800","37833"
295,"3074000","38208"
1831,"3074200","50085"
296,"3074400","66563"
297,"3074600","48466"
298,"3074800","57500"
299,"3075000","47976"
270,"3075200","65227"
300,"3075400","92663"
301,"3075600","54236"
830,"3075800","50662"
302,"3076000","31888"
303,"3076200","30275"
304,"3076400","30328"
717,"3076600","38796"
1233,"3077000","41775"
1232,"3077200","47730"
1832,"3077400","34583"
1157,"3077600","41179"
1158,"3078000","60270"
1146,"3078200","30678"
305,"3078400","51972"
1605,"3078600","33822"
1235,"3078800","26353"
306,"3079000","32310"
307,"3079200","24878"
1201,"3079400","32014"
1141,"3079600","29879"
1001,"3079800","29747"
308,"3080000","42225"
829,"3080200","31919"
309,"3080400","26287"
310,"3080600","34831"
1472,"3081000","32784"
1473,"3081200","0"
311,"3081400","45179"
1375,"3081600","39333"
312,"3081800","30144"
1142,"3082000","28015"
1143,"3082200","29091"
313,"3082400","31193"
1161,"3082600","36866"
1110,"3082800","25946"
1147,"3083000","27623"
314,"3083200","49231"
551,"3083400","58990"
315,"3083600","45292"
316,"3083800","57623"
317,"3084000","50125"
704,"3084200","53750"
318,"3084400","36500"
319,"3084600","44569"
320,"3084800","47115"
321,"3085000","63807"
1431,"3085200","0"
679,"3085400","50817"
1421,"3085600","33796"
1422,"3085800","32972"
1432,"3086000","43548"
322,"3086200","30291"
323,"3086400","40094"
324,"3086600","38646"
325,"3086800","33317"
326,"3087000","31919"
1354,"3087200","45429"
1355,"3087401","23311"
1356,"3087402","0"
1162,"3087600","31958"
327,"3087800","29260"
1064,"3088000","37434"
1410,"3088200","27348"
1302,"3088400","23879"
2025,"3088600","29271"
2045,"3088800","30299"
328,"3089000","23431"
1391,"3089200","21717"
1392,"3089400","32619"
329,"3089600","28893"
330,"3089800","37331"
1393,"3090000","17869"
332,"3090200","18348"
333,"3090400","29702"
1380,"3090600","10805"
707,"3090800","12899"
1790,"3091000","7987"
1791,"3091200","8182"
334,"3091400","20677"
335,"3091600","23967"
1665,"3091800","24934"
1666,"3092000","28125"
1757,"3092200","30703"
389,"3092800","38009"
390,"3093000","35296"
872,"3093400","33142"
1436,"3093600","47688"
1443,"3093800","34238"
391,"3094000","45357"
873,"3094200","41324"
1606,"3094401","50237"
1362,"3094402","14728"
1607,"3095000","48036"
392,"3095400","42045"
1369,"3095600","48934"
2122,"3095800","52109"
2123,"3096000","66250"
1247,"3096200","35703"
393,"3096400","45929"
394,"3096600","50536"
395,"3096800","45329"
396,"3097000","37527"
647,"3097400","48707"
397,"3098200","15300"
398,"3098400","54286"
399,"3098600","54444"
1370,"3098800","42500"
1371,"3099000","42283"
400,"3099200","46354"
387,"3099400","49635"
401,"3099600","45345"
2209,"3099800","52614"
402,"3100400","51328"
403,"3100600","49572"
404,"3100800","55375"
405,"3101000","44844"
1372,"3101200","48854"
406,"3101400","48355"
407,"3101600","75319"
1414,"3101800","50769"
408,"3102000","58800"
781,"3102200","46046"
409,"3102400","49250"
410,"3102600","50192"
685,"3102800","58796"
2210,"3103400","15524"
1415,"3105800","16919"
1693,"3107000","0"
1682,"3107800","41196"
1758,"3109800","33750"
1376,"3110000","33056"
1377,"3110200","23716"
770,"3110600","20625"
361,"3111000","15722"
1394,"3111200","30921"
1395,"3111400","23421"
709,"3111800","26861"
1368,"3112000","30145"
1363,"3112200","26778"
362,"3112400","32284"
363,"3112600","21738"
364,"3112800","25802"
365,"3113000","18333"
1664,"3113200","20288"
366,"3113400","11204"
1427,"3113600","2499"
1428,"3113800","12583"
765,"3114000","17750"
1577,"3114201","37422"
1602,"3114202","40039"
367,"3114600","31171"
368,"3114800","21081"
369,"3115000","22212"
370,"3115200","17308"
1818,"3115400","17019"
371,"3115600","12349"
1819,"3115800","35496"
372,"3116000","23281"
373,"3116200","40104"
374,"3116400","37875"
1347,"3116600","25833"
1348,"3116800","30264"
375,"3117000","18250"
376,"3117201","37875"
377,"3117202","29292"
751,"3117400","33250"
752,"3117601","28587"
662,"3117602","27244"
2014,"3117800","35625"
1587,"3118000","0"
934,"3118201","30993"
1550,"3118202","36179"
1548,"3118400","33109"
1408,"3118600","31959"
1047,"3118800","21683"
2053,"3119000","25093"
1699,"3119200","26585"
378,"3119400","30250"
1551,"3119600","29188"
1523,"3120000","30556"
1524,"3120200","35741"
1388,"3120800","30568"
1382,"3121000","9919"
1364,"3121400","8927"
1795,"3122000","25807"
2143,"4000100","85898"
653,"4000200","38333"
1549,"4000400","41845"
1546,"4000600","45225"
1121,"4000700","45189"
1547,"4000800","37201"
379,"4001000","45694"
1476,"4001200","40529"
380,"4001400","46014"
381,"4001600","51250"
633,"4001800","47841"
1144,"4001900","37063"
634,"4002000","62813"
1264,"4002200","47031"
1005,"4002400","50893"
1513,"4002500","11055"
1006,"4002600","42378"
1145,"4002700","26875"
382,"4002800","37135"
890,"4002900","32994"
1193,"4003000","58750"
383,"4003100","33819"
384,"4003200","45000"
1407,"4003400","38370"
891,"4003500","44286"
1829,"4003600","43438"
2145,"4003700","11625"
385,"4003800","42908"
386,"4003900","32097"
1784,"4004001","41436"
1785,"4004002","31705"
388,"4004100","31410"
1830,"4004200","33000"
892,"4004300","15456"
1400,"4004401","35344"
1683,"4004402","39018"
748,"4004500","49668"
706,"4004700","23984"
893,"4004900","42150"
1419,"4005000","27411"
411,"4005100","36020"
1366,"4005200","33220"
749,"4005300","38240"
1367,"4005400","44958"
666,"4005500","33611"
757,"4005700","35290"
1507,"4005800","46563"
758,"4005900","41520"
876,"4006100","31010"
1794,"4006200","45261"
2098,"4006300","32730"
925,"4006500","37169"
926,"4006700","53036"
924,"4006900","35620"
2099,"4007100","35909"
2100,"4007300","42019"
790,"4007500","30983"
791,"4007700","39340"
442,"4007900","33807"
1073,"4008100","29650"
1072,"4008300","35781"
1521,"4008600","45431"
2144,"4008700","14755"
2213,"4008800","46691"
1608,"4009100","41000"
443,"4009400","36341"
937,"4009500","39828"
747,"4009600","40406"
1341,"4009700","51495"
1051,"4009800","39943"
2147,"4009900","0"
1129,"4010000","55601"
1340,"4010100","50806"
444,"4010200","43589"
1516,"4010300","37413"
445,"4010400","41750"
1647,"4010500","23125"
446,"4010600","45396"
2148,"4010700","4792"
1279,"4010800","54073"
1052,"4011000","39122"
447,"4011100","41406"
448,"4011200","43015"
449,"4011300","33279"
450,"4011400","28571"
451,"4011500","36684"
439,"4011600","41772"
440,"4011700","41067"
1280,"4011800","37179"
331,"4011900","37500"
812,"4012000","45750"
452,"4012100","44375"
805,"4012200","37804"
453,"4012300","45536"
454,"4012400","44438"
455,"4012601","44722"
456,"4012602","46466"
457,"4012800","47969"
458,"4013000","38598"
1735,"4013200","32361"
1739,"4013400","40286"
1089,"4013500","39583"
412,"4013600","58281"
922,"4013700","34545"
637,"4013800","45863"
413,"4014000","41887"
923,"4014100","30542"
1078,"4014201","32068"
1079,"4014202","37625"
414,"4014300","34515"
806,"4014400","40125"
415,"4014500","37813"
416,"4014700","44125"
813,"4014800","32475"
417,"4014900","44630"
807,"4015000","37684"
1086,"4015100","39788"
703,"4015200","45240"
418,"4015300","40665"
419,"4015400","41848"
766,"4015500","39864"
420,"4015600","42583"
767,"4015700","30903"
992,"4015800","42329"
768,"4015900","33936"
421,"4016100","45383"
1087,"4016300","25102"
422,"4016400","55625"
423,"4016600","42791"
424,"4016800","45296"
861,"4016900","43205"
425,"4017000","47202"
1688,"4017100","0"
426,"4017200","38438"
427,"4017400","57500"
428,"4017600","41321"
1250,"4017800","45313"
1621,"4017900","29250"
429,"4018000","50278"
1117,"4018100","34932"
1286,"4018200","33194"
1118,"4018300","42299"
2183,"4018401","31477"
1269,"4018402","50625"
430,"4018500","38482"
1287,"4018600","52639"
1097,"4018700","41275"
431,"4018800","44306"
971,"4018900","38000"
432,"4019000","38241"
433,"4019100","0"
434,"4019200","39519"
435,"4019401","58203"
993,"4019402","43971"
986,"4019600","39340"
2072,"4019700","44659"
991,"4019800","26667"
987,"4020200","48276"
436,"4020400","28848"
2077,"4020501","41731"
1420,"4020502","41106"
437,"4020600","36446"
1275,"4020800","40000"
919,"4021200","28571"
1905,"4021400","43254"
1906,"4021600","42648"
2078,"4021900","76250"
1792,"4022001","43177"
1740,"4022002","42399"
1423,"4022900","0"
438,"4023000","49500"
441,"4023200","47131"
1417,"4023500","33280"
1271,"4023600","40230"
1272,"4023800","30746"
920,"4024000","31943"
1677,"4024300","39981"
921,"4024400","0"
1668,"4024500","41395"
1276,"4024600","2499"
482,"4024700","44000"
1205,"4024800","32813"
972,"4024900","36526"
1206,"4025000","15208"
1119,"4025100","38143"
483,"4025200","21085"
1120,"4025300","33682"
1689,"4025500","47143"
836,"4025700","34375"
988,"4025800","32292"
484,"4025900","36091"
1095,"4026000","22466"
485,"4026100","36104"
1096,"4026200","51307"
839,"4026300","33838"
1285,"4026400","39483"
840,"4026500","34127"
486,"4026600","16010"
487,"4026700","36342"
488,"4026900","31733"
489,"4027000","47614"
490,"4027100","34206"
491,"4027200","31756"
492,"4027300","35310"
493,"4027400","41270"
494,"4027500","36048"
1282,"4027600","34926"
495,"4027700","38074"
1283,"4027800","22528"
496,"4027900","42822"
632,"4028000","47596"
497,"4028100","41962"
2059,"4028200","51714"
498,"4028300","40025"
645,"4028400","55114"
499,"4028500","46276"
501,"4028700","37895"
2177,"4028800","44348"
502,"4028900","41639"
841,"4029100","36892"
2178,"4029200","42988"
842,"4029300","38438"
1306,"4029500","44231"
1307,"4029700","44643"
1312,"4029900","0"
1485,"4030400","55586"
646,"4030901","48398"
843,"4030902","41018"
2102,"4031700","45833"
1872,"4032000","46696"
503,"4032700","39881"
1301,"4032800","55625"
504,"4032900","47917"
883,"4033000","48706"
2150,"4033100","0"
2060,"4033401","50833"
904,"4033402","39792"
505,"4033700","34427"
506,"4033900","38281"
1624,"4034700","42321"
507,"4035100","36250"
932,"4035200","50313"
508,"4035300","34135"
1093,"4035500","39727"
1226,"4035800","51960"
509,"4036100","35000"
510,"4036300","50094"
1702,"4036500","35625"
2091,"4036600","42333"
1701,"4036700","42976"
2103,"4036800","49955"
1101,"4036900","45040"
511,"4037100","48821"
1703,"4037300","39688"
512,"4037500","38594"
1070,"4037600","46549"
513,"4037700","27708"
515,"4037900","32451"
1249,"4038100","33516"
2151,"4038300","51766"
459,"4038400","57708"
460,"4039400","48493"
2180,"4039800","62708"
461,"4039900","32340"
462,"4040000","47222"
463,"4040100","36517"
465,"4040200","47955"
466,"4040300","35551"
1061,"4040400","37034"
832,"4040500","34871"
833,"4040700","33750"
834,"4040900","40208"
1062,"4041000","63846"
467,"4041100","35938"
468,"4041300","36744"
938,"4041400","34540"
469,"4041500","36741"
1190,"4042000","74167"
668,"4042200","63750"
2104,"4042600","0"
1090,"4042700","36652"
1273,"4043200","61875"
470,"4043400","31645"
1679,"4043700","35182"
977,"4043900","34297"
939,"4044000","35179"
1215,"4044200","22460"
471,"4044300","31361"
918,"4044601","29038"
472,"4044602","31394"
473,"4044800","47976"
699,"4045000","49934"
1080,"4045200","47386"
1081,"4045400","46154"
800,"4045500","35320"
721,"4045600","51528"
474,"4045700","45197"
1659,"4045800","49279"
475,"4045900","41325"
917,"4046000","30053"
476,"4046100","36250"
973,"4046200","36840"
1528,"4046300","38929"
720,"4046400","60179"
1467,"4046500","43867"
1660,"4046600","51979"
477,"4046700","29394"
1216,"4046800","35200"
478,"4046900","37425"
479,"4047000","45592"
1517,"4047100","28393"
1627,"4047200","57765"
762,"4047300","40604"
1613,"4047500","41495"
1304,"4047600","94820"
1305,"4047800","44777"
1231,"4047900","36066"
480,"4048000","51071"
2070,"4048100","37143"
874,"4048200","49773"
481,"4048300","32288"
1294,"4048400","45577"
2137,"4048500","37651"
1223,"4048900","39750"
804,"4049200","37928"
1230,"4049301","43600"
1056,"4049302","50031"
760,"4049500","42227"
516,"4049600","57143"
1076,"4049700","41892"
642,"4049900","44900"
1296,"4050000","38125"
517,"4050201","52596"
518,"4050202","60227"
519,"4050400","42708"
1124,"4050500","51827"
520,"4050600","51033"
521,"4050700","53220"
546,"4050800","46250"
547,"4051000","58750"
2111,"4051100","49704"
548,"4051200","54130"
844,"4051300","41514"
1678,"4051500","40793"
1291,"4051600","59038"
2112,"4051700","33073"
549,"4051800","55361"
550,"4052000","44750"
1221,"4052100","48807"
1290,"4052200","71364"
552,"4052400","43819"
553,"4052500","45583"
554,"4052600","45227"
555,"4052700","41250"
2181,"4052800","47188"
961,"4052900","36464"
556,"4053000","46056"
557,"4053200","57162"
1292,"4053400","52708"
1265,"4053500","31071"
558,"4053600","52883"
1025,"4053800","64554"
1035,"4053900","37296"
643,"4054000","56425"
559,"4054200","53846"
560,"4054500","24841"
561,"4054700","30850"
761,"4054800","62216"
562,"4054900","30295"
563,"4055100","29275"
1116,"4055200","50568"
564,"4055300","33925"
1297,"4055400","56352"
1451,"4055500","30938"
565,"4055600","56250"
566,"4055700","33970"
567,"4055800","73824"
1447,"4055900","32292"
976,"4056000","48542"
1601,"4056100","0"
1639,"4056200","64375"
802,"4056400","55435"
1541,"4056500","29917"
688,"4056600","53550"
1418,"4056700","51544"
777,"4056800","48400"
1261,"4057700","38185"
1024,"4057800","50625"
1260,"4057900","32625"
522,"4058000","55750"
1258,"4058100","35909"
523,"4058300","39783"
524,"4058500","35268"
464,"4058700","35589"
1026,"4058800","45417"
526,"4058900","30078"
705,"4059000","65192"
527,"4059100","34544"
778,"4059200","53672"
528,"4059300","35547"
529,"4059400","68833"
1266,"4059500","35828"
530,"4059600","65469"
531,"4059800","54484"
532,"4059900","50391"
533,"4060000","65000"
1074,"4060100","47188"
779,"4060200","57045"
1075,"4060300","50847"
534,"4060400","55476"
535,"4060600","59875"
1222,"4060700","52321"
536,"4060800","66964"
858,"4061000","73750"
537,"4061200","76408"
1433,"4061300","42722"
631,"4061400","63482"
538,"4061601","71144"
1641,"4061602","56310"
1611,"4061800","55375"
1496,"4061900","42788"
1068,"4062000","59688"
1559,"4062100","46008"
694,"4062300","45845"
1069,"4062400","65885"
1434,"4062500","47600"
940,"4062600","54412"
500,"4062700","42292"
1442,"4062900","36563"
539,"4063000","65000"
1640,"4063200","60150"
731,"4063301","47500"
1263,"4063302","46250"
948,"4063500","49333"
1560,"4063700","50938"
1642,"4063800","58164"
1445,"4063900","45323"
1471,"4064101","31012"
1760,"4064102","46635"
1508,"4064500","47763"
1227,"4064600","58333"
1313,"4065000","63359"
2063,"4065400","60542"
1561,"4065500","52250"
1543,"4065600","55923"
540,"4065701","52765"
541,"4065702","46161"
542,"4065900","61063"
543,"4066000","65153"
544,"4066100","52273"
1632,"4066300","60817"
1922,"4066400","59375"
1633,"4066500","52163"
545,"4066700","52450"
1082,"4066900","54167"
577,"4067101","49808"
578,"4067102","56932"
579,"4067700","65982"
580,"4067900","35430"
2064,"4068000","66071"
1303,"4068200","63548"
857,"4068300","40205"
1614,"4068700","39308"
1866,"4069000","51131"
581,"4069300","38353"
1923,"4069400","51229"
582,"4069500","52031"
583,"4069701","31832"
585,"4069702","55048"
1029,"4070300","52019"
586,"4070700","60250"
587,"4070900","62663"
2023,"4071100","51336"
639,"4071301","46543"
1248,"4071302","46750"
2166,"4071600","47750"
801,"4071700","39845"
588,"4071900","35382"
589,"4072100","33402"
2024,"4072500","153712"
1589,"4072700","92378"
590,"4072900","49635"
1509,"4073100","57096"
856,"4073300","101129"
1590,"4073500","119027"
2026,"4073700","51367"
591,"4073900","55000"
592,"4074100","49625"
593,"4074300","36824"
594,"4074500","28750"
1048,"4074700","56125"
1769,"4075700","56267"
1486,"4076600","16473"
2179,"4076800","51094"
2065,"4076901","56172"
2066,"4076902","47105"
902,"4077100","100833"
2067,"4077300","59605"
1762,"4077500","48451"
950,"4077901","39070"
640,"4077902","56862"
1694,"4077903","46610"
595,"4077904","53708"
1210,"4077905","56059"
2184,"4078800","48523"
2182,"4079000","32578"
1672,"4079200","38664"
1424,"4079300","0"
1766,"4079700","37897"
596,"4079900","52500"
1241,"4080301","38556"
1425,"4080302","61452"
1242,"4080900","47867"
1669,"4081400","52730"
1240,"4081800","49631"
1767,"4083700","49766"
877,"4083800","52179"
1251,"4084000","47908"
1104,"4084500","32609"
900,"4084601","43167"
1823,"4084602","53646"
597,"4085100","32235"
598,"4085300","30886"
734,"4085500","33343"
1085,"4085700","30984"
1105,"4085900","37027"
568,"4086100","36289"
735,"4086300","36005"
1130,"4086400","60505"
736,"4086500","25395"
569,"4086700","33583"
570,"4087100","23306"
1662,"4087500","35682"
2214,"4088400","60056"
2172,"4088901","34107"
698,"4088902","61250"
2162,"4089200","57108"
1044,"4090700","45956"
1461,"4091601","58276"
1462,"4091602","85489"
2039,"4091800","0"
714,"4091900","49926"
1259,"4092200","90929"
715,"4092500","42802"
571,"4092800","82745"
1871,"4092900","51211"
1723,"4093400","42133"
1725,"4093800","37902"
1874,"4093900","45893"
2055,"4094201","26580"
1192,"4094202","17917"
2056,"4094203","34844"
1661,"4094500","62870"
693,"4094700","50929"
1512,"4095200","15714"
1518,"4096200","40219"
1675,"4096400","46445"
1741,"4097201","18450"
1742,"4097202","27535"
2158,"4097300","63828"
2159,"4098100","53281"
999,"4098700","50122"
1066,"4099100","62341"
1658,"4099200","25179"
941,"4099701","52756"
2169,"4099702","58253"
1455,"4099800","29920"
879,"4099900","0"
1657,"4100800","43513"
2089,"4101001","23721"
1534,"4101002","13776"
695,"4101700","47647"
572,"4102900","49722"
989,"4103201","22904"
2090,"4103202","34942"
574,"4103300","57165"
2153,"4103900","54366"
738,"4104700","48395"
575,"4105900","51196"
1138,"4107201","51818"
2167,"4107202","0"
1010,"4108101","75086"
576,"4108102","56172"
696,"4108300","54050"
2135,"4109100","71576"
896,"4109700","66071"
1011,"4109900","54656"
1224,"4111300","76890"
1225,"4112300","46964"
599,"4112900","66500"
1012,"4113300","62125"
600,"4113900","53468"
697,"4114100","70455"
601,"4114700","80822"
831,"4115100","82453"
1155,"4115500","41471"
602,"4115700","48500"
739,"4115900","39899"
603,"4116100","34273"
737,"4116300","32500"
1156,"4116700","36895"
1153,"4117100","34470"
1154,"4117500","48027"
604,"4118100","49680"
605,"4118500","39219"
525,"4118700","40938"
1578,"4118900","41105"
573,"4119100","41503"
618,"4119300","36173"
619,"4119500","66741"
620,"4119900","54458"
1579,"4120100","36645"
621,"4120300","54000"
622,"4120500","33405"
1909,"4120700","49688"
636,"4121100","0"
623,"4121500","40285"
624,"4122300","51935"
1092,"4122701","50008"
1094,"4122702","23079"
626,"4124100","59096"
627,"4124700","66473"
1610,"4125700","52541"
1612,"4126500","60250"
635,"4126700","57750"
628,"4127300","72112"
1628,"4127500","91873"
1636,"4128300","112820"
1510,"4129101","51997"
1293,"4129102","69474"
1298,"4130100","46680"
2203,"4131900","0"
1067,"4133300","79397"
629,"4133900","81614"
606,"4134100","70636"
1060,"4134700","50661"
1522,"4136700","45846"
2161,"4137700","51272"
2083,"4138501","59526"
945,"4138502","0"
907,"4139900","72639"
1637,"4140300","58220"
607,"4140901","66250"
608,"4140902","60644"
1916,"4141701","61324"
609,"4141702","45385"
979,"4142900","64153"
610,"4143500","61125"
908,"4144100","57794"
1228,"4144700","43586"
980,"4145101","67917"
1229,"4145102","52061"
1914,"4145900","58125"
611,"4146300","47552"
824,"4146700","52280"
2097,"4147100","54432"
1483,"4147900","61530"
957,"4148300","85183"
947,"4150701","73229"
1484,"4150702","61579"
1638,"4152901","59762"
1440,"4152902","55101"
1653,"4155101","55724"
1654,"4155102","50637"
1635,"4156700","6771"
728,"4157101","60117"
1441,"4157102","66103"
612,"4157901","58226"
613,"4157902","65774"
616,"4157903","52188"
1681,"4161700","63250"
1629,"4162100","53812"
1308,"5000300","37813"
1928,"5000600","41000"
2047,"5000700","35843"
1768,"5000800","51404"
617,"5000900","35703"
1310,"5001100","37321"
1805,"5001500","49531"
1311,"5001700","44444"
1925,"5001800","33409"
1861,"5002001","50859"
1700,"5002002","51741"
1309,"5002100","39967"
933,"5002700","30227"
1338,"5002900","17019"
1339,"5003300","55568"
2057,"5003600","50671"
1730,"5003900","48271"
2058,"5004000","30616"
1731,"5004700","57500"
1841,"5005000","48600"
2155,"5005900","59811"
2085,"5006400","40069"
1840,"5006500","65776"
2086,"5007000","51510"
630,"5007400","30604"
2207,"5007500","49393"
2208,"5007700","43583"
2048,"5008100","34085"
1781,"5008900","0"
1850,"5009100","82081"
1917,"5009601","44599"
1199,"5009602","52596"
1806,"5009700","45938"
1324,"5010500","50586"
1837,"5011201","54732"
2046,"5011202","53274"
1838,"5011401","37656"
708,"5011402","57469"
1474,"5012100","76675"
1786,"5012200","55705"
1475,"5012500","42260"
2068,"5012803","45871"
2069,"5012804","47794"
1013,"5013201","67898"
1630,"5013203","63533"
1262,"5013204","59250"
1342,"5013301","12300"
2195,"5013302","36042"
1557,"5013400","64542"
2054,"5013800","66932"
2196,"5014100","41528"
1649,"5014603","64892"
2170,"5014604","56152"
2152,"5014605","63222"
2160,"5014606","61024"
2156,"5014700","62964"
1444,"5015100","60152"
964,"5015400","0"
2171,"5015601","61463"
2082,"5015602","72292"
1631,"5015603","62534"
1540,"5016901","68403"
1836,"5016902","110375"
1737,"5017005","66348"
2084,"5017006","65526"
1882,"5017007","57500"
1883,"5017008","71632"
744,"5017009","75457"
1726,"5017010","67774"
1756,"5017300","39609"
1738,"5017600","75710"
1918,"5017700","83031"
1787,"5017900","75604"
1777,"5018500","8170"
1710,"5018701","57763"
1714,"5018702","61377"
1752,"5018901","57538"
2049,"5018902","67269"
1690,"5019600","66345"
1430,"5019700","72935"
942,"5020100","62095"
2087,"5020700","32759"
1727,"5020801","60528"
1900,"5020803","70885"
1353,"5020804","71927"
2042,"5021300","50101"
2088,"5021900","25556"
1645,"5022300","35804"
1901,"5022600","61278"
1646,"5023100","46827"
1435,"5023600","37222"
1325,"5023900","54301"
1876,"5024400","68073"
1326,"5024700","41964"
1898,"5024800","57209"
1748,"5025100","63750"
2173,"5027301","62989"
2174,"5027302","68017"
2165,"5027702","50164"
1761,"5027703","56346"
1429,"5027704","58804"
2175,"5027900","73875"
2129,"5029102","57708"
2131,"5029103","61954"
1330,"5029104","62260"
2040,"5030301","49962"
2041,"5030302","51867"
1189,"5031901","26821"
944,"5031902","32234"
1715,"5032300","51071"
